{
  "name": "trail-of-cthulhu-unsanctioned",
  "title": "Trail of Cthulhu (Unsanctioned)",
  "description": "The Trail of Cthulhu (GUMSHOE) game from Pelgrane Press.",
  "version": "1.0.0-alpha.1",
  "authors": [
    {
      "name": "Neil de Carteret",
      "email": "neil-fvtt@lumphammer.com",
      "url": ""
    }
  ],
  "scripts": [],
  "esmodules": ["trail.js"],
  "styles": ["trail.css"],
  "packs": [
    {
      "name": "investigativeAbilities",
      "label": "Trail of Cthulhu Investigative Abilities",
      "system": "trail-of-cthulhu-unsanctioned",
      "path": "./packs/investigativeAbilities.db",
      "entity": "Item"
    },
    {
      "name": "generalAbilities",
      "label": "Trail of Cthulhu General Abilities",
      "system": "trail-of-cthulhu-unsanctioned",
      "path": "./packs/generalAbilities.db",
      "entity": "Item"
    }
  ],
  "languages": [],
  "gridDistance": 1,
  "gridUnits": "",
  "minimumCoreVersion": "0.7.9",
  "compatibleCoreVersion": "0.7.9",
  "initiative": "1d6",
  "url": "https://github.com/n3dst4/trail-of-cthulhu-unsanctioned",
  "manifest": "https://raw.githubusercontent.com/n3dst4/trail-of-cthulhu-unsanctioned/master/src/system.json?token=AACENDW4I4FHJFIFYF47J3TABMHIM",
  "download": "https://github.com/n3dst4/trail-of-cthulhu-unsanctioned/blob/master/package/trail-of-cthulhu-unsanctioned-v0.1.0.zip?raw=true",
  "license": "MIT",
  "readme": "https://github.com/n3dst4/trail-of-cthulhu-unsanctioned/blob/master/README.md",
  "bugs": "https://github.com/n3dst4/trail-of-cthulhu-unsanctioned/issues",
  "changelog": "https://github.com/n3dst4/trail-of-cthulhu-unsanctioned/blob/master/CHANGELOG.md"
}