{
  "Actor": {
    "types": ["pc", "npc"],
    "templates": {
    },
    "pc": {
      "templates": [],
      "drive": "",
      "occupation": "",
      "occupationalBenefits": "",
      "buildPoints": 28,
      "pillarsOfSanity": "",
      "sourcesOfStability": "",
      "notes": "",
      "background": "",
      "initiativeAbility": "",
      "resources": {
        "health": {
          "min": 0,
          "max": 12,
          "value": 0
        },
        "sanity": {
          "min": 0,
          "max": 12,
          "value": 0
        },
        "stability": {
          "min": 0,
          "max": 12,
          "value": 0
        },
        "magic": {
          "min": 0,
          "max": 12,
          "value": 0
        }
      }
    }
  },
  "Item": {
    "types": ["investigativeAbility", "generalAbility", "equipment", "weapon"],
    "templates": {
      "ability": {
        "rating": 1,
        "pool": 1,
        "hasSpecialities": false,
        "specialities": [],
        "min": 0,
        "max": 8,
        "occupational": false
      }
    },
    "investigativeAbility": {
      "templates": ["ability"],
      "category": "Academic"
    },
    "generalAbility": {
      "templates": ["ability"],
      "canBeInvestigative": false
    },
    "equipment": {
      "notes": ""
    },
    "weapon": {
      "ability": "Scuffling",
      "damage": 0,
      "pointBlankDamage": 0,
      "closeRangeDamage": 0,
      "nearRangeDamage": 0,
      "longRangeDamage": 0,
      "isPointBlank": true,
      "isCloseRange": true,
      "isNearRange": true,
      "isLongRange": false,
      "notes": ""
    }
  }
}
