{
  "name": "gumshoe",
  "title": "GUMSHOE",
  "description": "",
  "version": "0.1.0",
  "author": "",
  "authors": [
    {
      "name": "",
      "email": "",
      "url": ""
    }
  ],
  "scripts": [],
  "esmodules": ["gumshoe.js"],
  "styles": ["gumshoe.css"],
  "packs": [],
  "languages": [],
  "gridDistance": 1,
  "gridUnits": "",
  "minimumCoreVersion": "0.5.0",
  "compatibleCoreVersion": "0.5.0",
  "url": "",
  "manifest": "",
  "download": "",
  "license": "",
  "readme": "",
  "bugs": "",
  "changelog": ""
}